Lead Intake,first,last,Writing process. ,Phone ,Email ,publisher,Zip,Street 1,Street 2,City,State,sourceUrl,raw
2025-10-27 13:58:44,Connie,Bowery,idea-stage,(915) 861-1531,jdbowery@gmail.com,Xulon Press,79935,,,,,https://www.authorservices.com/xulonpress?gad_source=5&gad_campaignid=22854855280&gclid=EAIaIQobChMI7qK5ucTEkAMV8JUiBR01mgJEEAAYASAAEgJZ7_D_BwE,"{""firstName"":""Connie"",""lastName"":""Bowery"",""email"":""jdbowery@gmail.com"",""phone"":""(915) 861-1531"",""zipCode"":""79935"",""writingStatus"":""idea-stage"",""publisher"":""Xulon Press"",""sourceUrl"":""https://www.authorservices.com/xulonpress?gad_source=5&gad_campaignid=22854855280&gclid=EAIaIQobChMI7qK5ucTEkAMV8JUiBR01mgJEEAAYASAAEgJZ7_D_BwE"",""timestamp"":""2025-10-27T13:58:44.467Z""}"
2025-10-27 14:03:06,Jenny,Frazier,idea-stage,(901) 213-1911,lachelle_dennis@yahoo.com,Xulon Press,70600,,,,,https://www.authorservices.com/xulonpress?gad_source=5&gad_campaignid=22854855280&gclid=EAIaIQobChMIuaamj8XEkAMV69PCBB2OER90EAAYASAAEgIp8fD_BwE,"{""firstName"":""Jenny"",""lastName"":""Frazier"",""email"":""lachelle_dennis@yahoo.com"",""phone"":""(901) 213-1911"",""zipCode"":""70600"",""writingStatus"":""idea-stage"",""publisher"":""Xulon Press"",""sourceUrl"":""https://www.authorservices.com/xulonpress?gad_source=5&gad_campaignid=22854855280&gclid=EAIaIQobChMIuaamj8XEkAMV69PCBB2OER90EAAYASAAEgIp8fD_BwE"",""timestamp"":""2025-10-27T14:03:06.162Z""}"
2025-10-27 17:12:10,Pang,Pang,idea-stage,(559) 281-6527,herster_gurl_88@hotmail.com,Xulon Press,93650,,,,,https://www.authorservices.com/xulonpress?gad_source=5&gad_campaignid=22854855280&gclid=EAIaIQobChMI5Inrzu_EkAMVTqJaBR1JDzsrEAAYASAAEgIpmPD_BwE,"{""firstName"":""Pang"",""lastName"":""Pang"",""email"":""herster_gurl_88@hotmail.com"",""phone"":""(559) 281-6527"",""zipCode"":""93650"",""writingStatus"":""idea-stage"",""publisher"":""Xulon Press"",""sourceUrl"":""https://www.authorservices.com/xulonpress?gad_source=5&gad_campaignid=22854855280&gclid=EAIaIQobChMI5Inrzu_EkAMVTqJaBR1JDzsrEAAYASAAEgIpmPD_BwE"",""timestamp"":""2025-10-27T17:12:10.076Z""}"
2025-10-27 17:32:16,Jacy,Goddard,idea-stage,(405) 414-5047,jacy@work.com,Xulon Press,73022,,,,,https://www.authorservices.com/xulonpress?gad_source=5&gad_campaignid=22854855280&gclid=EAIaIQobChMI27bn_fHEkAMV33BHAR25nRshEAAYASAAEgJzo_D_BwE,"{""firstName"":""Jacy"",""lastName"":""Goddard"",""email"":""jacy@work.com"",""phone"":""(405) 414-5047"",""zipCode"":""73022"",""writingStatus"":""idea-stage"",""publisher"":""Xulon Press"",""sourceUrl"":""https://www.authorservices.com/xulonpress?gad_source=5&gad_campaignid=22854855280&gclid=EAIaIQobChMI27bn_fHEkAMV33BHAR25nRshEAAYASAAEgJzo_D_BwE"",""timestamp"":""2025-10-27T17:32:16.755Z""}"
2025-10-27 18:01:15,Marc,Marc,idea-stage,(301) 534-8041,mrcwht1@hotmail.com,Xulon Press,20715,,,,,https://www.authorservices.com/xulonpress?gad_source=5&gad_campaignid=22854855280&gclid=EAIaIQobChMI-MLNvfrEkAMVF0hHAR18GBG8EAAYASAAEgIQ1vD_BwE,"{""firstName"":""Marc"",""lastName"":""Marc"",""email"":""mrcwht1@hotmail.com"",""phone"":""(301) 534-8041"",""zipCode"":""20715"",""writingStatus"":""idea-stage"",""publisher"":""Xulon Press"",""sourceUrl"":""https://www.authorservices.com/xulonpress?gad_source=5&gad_campaignid=22854855280&gclid=EAIaIQobChMI-MLNvfrEkAMVF0hHAR18GBG8EAAYASAAEgIQ1vD_BwE"",""timestamp"":""2025-10-27T18:01:15.666Z""}"
2025-10-27 19:10:50,Ronnie Sanderson,Ronnie Sanderson,idea-stage,(910) 463-8287,rsanderson73@yahoo.com,Xulon Press,28521,,,,,https://www.authorservices.com/xulonpress?gad_source=5&gad_campaignid=22854855280&gclid=EAIaIQobChMIjoaXpYrFkAMVKAWtBh3ikyyQEAAYASAAEgLtGvD_BwE,"{""firstName"":""Ronnie Sanderson"",""lastName"":""Ronnie Sanderson"",""email"":""rsanderson73@yahoo.com"",""phone"":""(910) 463-8287"",""zipCode"":""28521"",""writingStatus"":""idea-stage"",""publisher"":""Xulon Press"",""sourceUrl"":""https://www.authorservices.com/xulonpress?gad_source=5&gad_campaignid=22854855280&gclid=EAIaIQobChMIjoaXpYrFkAMVKAWtBh3ikyyQEAAYASAAEgLtGvD_BwE"",""timestamp"":""2025-10-27T19:10:50.611Z""}"
2025-10-27 19:11:18,Serrena,Brees,outlining,(812) 663-7503,lisa_lee1965@yahoo.com,Xulon Press,47240,,,,,https://www.authorservices.com/xulonpress?gad_source=5&gad_campaignid=22854855280&gclid=EAIaIQobChMInZfom4rFkAMVckH_AR11fD2YEAAYASAAEgLm-vD_BwE,"{""firstName"":""Serrena"",""lastName"":""Brees"",""email"":""lisa_lee1965@yahoo.com"",""phone"":""(812) 663-7503"",""zipCode"":""47240"",""writingStatus"":""outlining"",""publisher"":""Xulon Press"",""sourceUrl"":""https://www.authorservices.com/xulonpress?gad_source=5&gad_campaignid=22854855280&gclid=EAIaIQobChMInZfom4rFkAMVckH_AR11fD2YEAAYASAAEgLm-vD_BwE"",""timestamp"":""2025-10-27T19:11:18.142Z""}"
2025-10-27 19:16:01,Sherry,Salazar,first-draft,(816) 308-5622,salazarsalazar_sherry@jnj.com,Xulon Press,64114,,,,,https://www.authorservices.com/xulonpress?gad_source=5&gad_campaignid=22854855280&gclid=EAIaIQobChMIy6SKuIrFkAMV7Eb_AR3hkxZbEAAYASAAEgIUWvD_BwE,"{""firstName"":""Sherry"",""lastName"":""Salazar"",""email"":""salazarsalazar_sherry@jnj.com"",""phone"":""(816) 308-5622"",""zipCode"":""64114"",""writingStatus"":""first-draft"",""publisher"":""Xulon Press"",""sourceUrl"":""https://www.authorservices.com/xulonpress?gad_source=5&gad_campaignid=22854855280&gclid=EAIaIQobChMIy6SKuIrFkAMV7Eb_AR3hkxZbEAAYASAAEgIUWvD_BwE"",""timestamp"":""2025-10-27T19:16:01.057Z""}"
2025-10-27 22:10:35,Blaine,Willems,idea-stage,(605) 370-2715,bwillems921@gmail.com,Xulon Press,57103,2008 E Brair Den CT,2008 E Brair Den CT,Sioux Falls,SD,https://www.authorservices.com/xulonpress?gad_source=5&gad_campaignid=22854855280&gclid=EAIaIQobChMIhLL4vLHFkAMVoHBHAR3J7xooEAAYASAAEgIwTfD_BwE,"{""firstName"":""Blaine"",""lastName"":""Willems"",""email"":""bwillems921@gmail.com"",""phone"":""(605) 370-2715"",""zipCode"":""57103"",""street1"":""2008 E Brair Den CT"",""street2"":""2008 E Brair Den CT"",""city"":""Sioux Falls"",""state"":""SD"",""writingStatus"":""idea-stage"",""publisher"":""Xulon Press"",""sourceUrl"":""https://www.authorservices.com/xulonpress?gad_source=5&gad_campaignid=22854855280&gclid=EAIaIQobChMIhLL4vLHFkAMVoHBHAR3J7xooEAAYASAAEgIwTfD_BwE"",""timestamp"":""2025-10-27T22:10:35.020Z""}"
2025-10-27 23:36:20,Henry,Dorsey,first-draft,(318) 321-1107,henrydorsey80@yahoo.com,Xulon Press,71301,,,,,https://www.authorservices.com/xulonpress?gad_source=5&gad_campaignid=22854855280&gclid=EAIaIQobChMI6oSTrsXFkAMVja5aBR3PWQHYEAAYASAAEgJcVPD_BwE,"{""firstName"":""Henry"",""lastName"":""Dorsey"",""email"":""henrydorsey80@yahoo.com"",""phone"":""(318) 321-1107"",""zipCode"":""71301"",""writingStatus"":""first-draft"",""publisher"":""Xulon Press"",""sourceUrl"":""https://www.authorservices.com/xulonpress?gad_source=5&gad_campaignid=22854855280&gclid=EAIaIQobChMI6oSTrsXFkAMVja5aBR3PWQHYEAAYASAAEgJcVPD_BwE"",""timestamp"":""2025-10-27T23:36:20.324Z""}"
2025-10-28 4:45:43,Lisa,Farkas,idea-stage,(813) 879-7674,lisakfarkas@verizon.net,Xulon Press,33607,,,,,https://www.authorservices.com/xulonpress?gad_source=5&gad_campaignid=22854855280&gclid=EAIaIQobChMI1PXHnYnGkAMVXlVHAR1upjtXEAAYASAAEgJB-vD_BwE,"{""firstName"":""Lisa"",""lastName"":""Farkas"",""email"":""lisakfarkas@verizon.net"",""phone"":""(813) 879-7674"",""zipCode"":""33607"",""writingStatus"":""idea-stage"",""publisher"":""Xulon Press"",""sourceUrl"":""https://www.authorservices.com/xulonpress?gad_source=5&gad_campaignid=22854855280&gclid=EAIaIQobChMI1PXHnYnGkAMVXlVHAR1upjtXEAAYASAAEgJB-vD_BwE"",""timestamp"":""2025-10-28T04:45:43.020Z""}"
2025-10-28 4:50:52,Maria,Martnez,outlining,(510) 461-7638,mariamrtnz34@gmail.com,Xulon Press,95376,,,,,https://www.authorservices.com/xulonpress?gad_source=5&gad_campaignid=22854855280&gclid=EAIaIQobChMIz7GRlIvGkAMVO11HAR3__iwHEAAYASAAEgLlg_D_BwE,"{""firstName"":""Maria"",""lastName"":""Martnez"",""email"":""mariamrtnz34@gmail.com"",""phone"":""(510) 461-7638"",""zipCode"":""95376"",""writingStatus"":""outlining"",""publisher"":""Xulon Press"",""sourceUrl"":""https://www.authorservices.com/xulonpress?gad_source=5&gad_campaignid=22854855280&gclid=EAIaIQobChMIz7GRlIvGkAMVO11HAR3__iwHEAAYASAAEgLlg_D_BwE"",""timestamp"":""2025-10-28T04:50:52.653Z""}"
2025-10-28 4:51:38,John,Emanuele,idea-stage,(914) 469-1906,emanuelejohn@yahoo.com,Xulon Press,6390,,,,,https://www.authorservices.com/xulonpress?gad_source=5&gad_campaignid=22854855280&gclid=EAIaIQobChMIyvzc_4rGkAMV5I0iBR07JwdhEAAYASAAEgIudPD_BwE,"{""firstName"":""John"",""lastName"":""Emanuele"",""email"":""emanuelejohn@yahoo.com"",""phone"":""(914) 469-1906"",""zipCode"":""06390"",""writingStatus"":""idea-stage"",""publisher"":""Xulon Press"",""sourceUrl"":""https://www.authorservices.com/xulonpress?gad_source=5&gad_campaignid=22854855280&gclid=EAIaIQobChMIyvzc_4rGkAMV5I0iBR07JwdhEAAYASAAEgIudPD_BwE"",""timestamp"":""2025-10-28T04:51:38.994Z""}"
2025-10-28 4:56:08,Heather,Rogers,idea-stage,(316) 733-2438,hethr815@hotmail.com,Xulon Press,67002,1001 N Andover Rd,,Andover,KS,https://www.authorservices.com/xulonpress?gad_source=5&gad_campaignid=22854855280&gclid=EAIaIQobChMIub746IzGkAMVclhHAR3-Nh6vEAAYASAAEgKi7vD_BwE,"{""firstName"":""Heather"",""lastName"":""Rogers"",""email"":""hethr815@hotmail.com"",""phone"":""(316) 733-2438"",""zipCode"":""67002"",""street1"":""1001 N Andover Rd"",""street2"":"""",""city"":""Andover"",""state"":""KS"",""writingStatus"":""idea-stage"",""publisher"":""Xulon Press"",""sourceUrl"":""https://www.authorservices.com/xulonpress?gad_source=5&gad_campaignid=22854855280&gclid=EAIaIQobChMIub746IzGkAMVclhHAR3-Nh6vEAAYASAAEgKi7vD_BwE"",""timestamp"":""2025-10-28T04:56:08.334Z""}"
2025-10-28 4:58:50,Brylee Cutberth,Brylee Cutberth,idea-stage,(479) 270-0303,vcuevas@ymail.com,Xulon Press,65745,,,,,https://www.authorservices.com/xulonpress?gad_source=5&gad_campaignid=22854855280&gclid=EAIaIQobChMI0IuYi43GkAMVN3BHAR0VlAk_EAAYASAAEgJyDPD_BwE,"{""firstName"":""Brylee Cutberth"",""lastName"":""Brylee Cutberth"",""email"":""vcuevas@ymail.com"",""phone"":""(479) 270-0303"",""zipCode"":""65745"",""writingStatus"":""idea-stage"",""publisher"":""Xulon Press"",""sourceUrl"":""https://www.authorservices.com/xulonpress?gad_source=5&gad_campaignid=22854855280&gclid=EAIaIQobChMI0IuYi43GkAMVN3BHAR0VlAk_EAAYASAAEgJyDPD_BwE"",""timestamp"":""2025-10-28T04:58:50.185Z""}"
2025-10-28 5:00:35,Michelle Benjamin,Michelle Benjamin,idea-stage,(425) 268-1453,bookie109@yahoo.com,Xulon Press,98021,24217ThPlSe,24217ThPlSe,Bothell,WA,https://www.authorservices.com/xulonpress?gad_source=5&gad_campaignid=22854855280&gclid=EAIaIQobChMIhM2OoI3GkAMVzGtHAR0XRRBxEAAYASAAEgKUQfD_BwE,"{""firstName"":""Michelle Benjamin"",""lastName"":""Michelle Benjamin"",""email"":""bookie109@yahoo.com"",""phone"":""(425) 268-1453"",""zipCode"":""98021"",""street1"":""24217ThPlSe"",""street2"":""24217ThPlSe"",""city"":""Bothell"",""state"":""WA"",""writingStatus"":""idea-stage"",""publisher"":""Xulon Press"",""sourceUrl"":""https://www.authorservices.com/xulonpress?gad_source=5&gad_campaignid=22854855280&gclid=EAIaIQobChMIhM2OoI3GkAMVzGtHAR0XRRBxEAAYASAAEgKUQfD_BwE"",""timestamp"":""2025-10-28T05:00:35.155Z""}"
2025-10-28 5:05:58,Anne Sturges,Anne Sturges,idea-stage,(456) 540-5864,christyefee@yahoo.com,Xulon Press,60428,,,,,https://www.authorservices.com/xulonpress?gad_source=5&gad_campaignid=22854855280&gclid=EAIaIQobChMIh7L8mo_GkAMV3EhHAR0QAjDQEAAYASAAEgIHxfD_BwE,"{""firstName"":""Anne Sturges"",""lastName"":""Anne Sturges"",""email"":""christyefee@yahoo.com"",""phone"":""(456) 540-5864"",""zipCode"":""60428"",""writingStatus"":""idea-stage"",""publisher"":""Xulon Press"",""sourceUrl"":""https://www.authorservices.com/xulonpress?gad_source=5&gad_campaignid=22854855280&gclid=EAIaIQobChMIh7L8mo_GkAMV3EhHAR0QAjDQEAAYASAAEgIHxfD_BwE"",""timestamp"":""2025-10-28T05:05:58.578Z""}"
2025-10-28 5:07:47,Camilla,Camilla,ready-to-publish,(801) 362-3928,parshall8@gnail.com,Xulon Press,81324,818 w swinley dr,818 w swinley dr,Murray,UT,https://www.authorservices.com/xulonpress?gad_source=5&gad_campaignid=22854855280&gclid=EAIaIQobChMI6en1io_GkAMVzXF_AB2OtAXQEAAYASAAEgJzBvD_BwE,"{""firstName"":""Camilla"",""lastName"":""Camilla"",""email"":""parshall8@gnail.com"",""phone"":""(801) 362-3928"",""zipCode"":""81324"",""street1"":""818 w swinley dr"",""street2"":""818 w swinley dr"",""city"":""Murray"",""state"":""UT"",""writingStatus"":""ready-to-publish"",""publisher"":""Xulon Press"",""sourceUrl"":""https://www.authorservices.com/xulonpress?gad_source=5&gad_campaignid=22854855280&gclid=EAIaIQobChMI6en1io_GkAMVzXF_AB2OtAXQEAAYASAAEgJzBvD_BwE"",""timestamp"":""2025-10-28T05:07:47.906Z""}"
2025-10-28 5:11:18,Doris,Grant,idea-stage,(486) 446-6444,ocaladan@aol.com,Xulon Press,60827,,,,,https://www.authorservices.com/xulonpress?gad_source=5&gad_campaignid=22854855280&gclid=EAIaIQobChMIiPmr_o_GkAMVw0f_AR3pHgklEAAYASAAEgLj4_D_BwE,"{""firstName"":""Doris"",""lastName"":""Grant"",""email"":""ocaladan@aol.com"",""phone"":""(486) 446-6444"",""zipCode"":""60827"",""writingStatus"":""idea-stage"",""publisher"":""Xulon Press"",""sourceUrl"":""https://www.authorservices.com/xulonpress?gad_source=5&gad_campaignid=22854855280&gclid=EAIaIQobChMIiPmr_o_GkAMVw0f_AR3pHgklEAAYASAAEgLj4_D_BwE"",""timestamp"":""2025-10-28T05:11:18.742Z""}"
2025-10-28 5:26:32,Christian,Christian,idea-stage,(913) 669-2020,genxfeed@gmail.com,Xulon Press,66040,38581 Jingo Road,38581 Jingo Road,LA CYGNE,3,https://www.authorservices.com/xulonpress?gad_source=5&gad_campaignid=22854855280&gclid=EAIaIQobChMIubzp2ZPGkAMVpqEiBR3pniiFEAAYASAAEgL78_D_BwE,"{""firstName"":""Christian"",""lastName"":""Christian"",""email"":""genxfeed@gmail.com"",""phone"":""(913) 669-2020"",""zipCode"":""66040"",""street1"":""38581 Jingo Road"",""street2"":""38581 Jingo Road"",""city"":""LA CYGNE"",""state"":""3"",""writingStatus"":""idea-stage"",""publisher"":""Xulon Press"",""sourceUrl"":""https://www.authorservices.com/xulonpress?gad_source=5&gad_campaignid=22854855280&gclid=EAIaIQobChMIubzp2ZPGkAMVpqEiBR3pniiFEAAYASAAEgL78_D_BwE"",""timestamp"":""2025-10-28T05:26:32.104Z""}"
2025-10-28 5:33:29,Cruz,Gonzalez,idea-stage,(832) 597-2028,gonzalezcruz629@gmail.com,Xulon Press,80621,7117 Richard Ave,,FORT LUPTON,CO,https://www.authorservices.com/xulonpress?gad_source=5&gad_campaignid=22854855280&gclid=EAIaIQobChMI0_eUtJXGkAMV6lNHAR3ydga-EAAYASAAEgI_dvD_BwE,"{""firstName"":""Cruz"",""lastName"":""Gonzalez"",""email"":""gonzalezcruz629@gmail.com"",""phone"":""(832) 597-2028"",""zipCode"":""80621"",""street1"":""7117 Richard Ave"",""street2"":"""",""city"":""FORT LUPTON"",""state"":""CO"",""writingStatus"":""idea-stage"",""publisher"":""Xulon Press"",""sourceUrl"":""https://www.authorservices.com/xulonpress?gad_source=5&gad_campaignid=22854855280&gclid=EAIaIQobChMI0_eUtJXGkAMV6lNHAR3ydga-EAAYASAAEgI_dvD_BwE"",""timestamp"":""2025-10-28T05:33:29.768Z""}"
2025-10-28 5:36:37,Annita,White,first-draft,(573) 592-8844,telajo1838@yahoo.com,Xulon Press,65251,,,,,https://www.authorservices.com/xulonpress?gad_source=5&gad_campaignid=22854855280&gclid=EAIaIQobChMI-YjahZbGkAMV9UpHAR1xvy14EAAYASAAEgJQKPD_BwE,"{""firstName"":""Annita"",""lastName"":""White"",""email"":""telajo1838@yahoo.com"",""phone"":""(573) 592-8844"",""zipCode"":""65251"",""writingStatus"":""first-draft"",""publisher"":""Xulon Press"",""sourceUrl"":""https://www.authorservices.com/xulonpress?gad_source=5&gad_campaignid=22854855280&gclid=EAIaIQobChMI-YjahZbGkAMV9UpHAR1xvy14EAAYASAAEgJQKPD_BwE"",""timestamp"":""2025-10-28T05:36:37.288Z""}"
2025-10-28 5:46:28,Rhea,Rice,idea-stage,(352) 219-0883,rrice04@yahoo.com,Xulon Press,34431,,,,,https://www.authorservices.com/xulonpress?gad_source=5&gad_campaignid=22854855280&gclid=EAIaIQobChMI7IfB65bGkAMVZ0RHAR1iRCYHEAAYASAAEgLf2_D_BwE,"{""firstName"":""Rhea"",""lastName"":""Rice"",""email"":""rrice04@yahoo.com"",""phone"":""(352) 219-0883"",""zipCode"":""34431"",""writingStatus"":""idea-stage"",""publisher"":""Xulon Press"",""sourceUrl"":""https://www.authorservices.com/xulonpress?gad_source=5&gad_campaignid=22854855280&gclid=EAIaIQobChMI7IfB65bGkAMVZ0RHAR1iRCYHEAAYASAAEgLf2_D_BwE"",""timestamp"":""2025-10-28T05:46:28.464Z""}"
2025-10-28 5:48:52,Ronald,Boshane,idea-stage,(315) 408-6866,roncop41@gmail.com,Xulon Press,13601,YU,,theresa,NY,https://www.authorservices.com/xulonpress?gad_source=5&gad_campaignid=22854855280&gclid=EAIaIQobChMI5tDE0JXGkAMV7gutBh1sPjFKEAAYASAAEgJ5yfD_BwE,"{""firstName"":""Ronald"",""lastName"":""Boshane"",""email"":""roncop41@gmail.com"",""phone"":""(315) 408-6866"",""zipCode"":""13601"",""street1"":""YU"",""street2"":"""",""city"":""theresa"",""state"":""NY"",""writingStatus"":""idea-stage"",""publisher"":""Xulon Press"",""sourceUrl"":""https://www.authorservices.com/xulonpress?gad_source=5&gad_campaignid=22854855280&gclid=EAIaIQobChMI5tDE0JXGkAMV7gutBh1sPjFKEAAYASAAEgJ5yfD_BwE"",""timestamp"":""2025-10-28T05:48:52.726Z""}"
2025-10-28 5:54:31,Elisabeth,Elisabeth,first-draft,(876) 565-6424,lisamondon@yahoo.fr,Xulon Press,33025,,,,,https://www.authorservices.com/xulonpress?gad_source=5&gad_campaignid=22854855280&gclid=EAIaIQobChMIzKzDn5rGkAMV_0L_AR1kDwsUEAAYASAAEgLkcvD_BwE,"{""firstName"":""Elisabeth"",""lastName"":""Elisabeth"",""email"":""lisamondon@yahoo.fr"",""phone"":""(876) 565-6424"",""zipCode"":""33025"",""writingStatus"":""first-draft"",""publisher"":""Xulon Press"",""sourceUrl"":""https://www.authorservices.com/xulonpress?gad_source=5&gad_campaignid=22854855280&gclid=EAIaIQobChMIzKzDn5rGkAMV_0L_AR1kDwsUEAAYASAAEgLkcvD_BwE"",""timestamp"":""2025-10-28T05:54:31.764Z""}"
2025-10-28 6:14:00,Jennifer,Hall,idea-stage,(662) 420-2338,jenandethan@yahoo.com,Xulon Press,38637,,,,,https://www.authorservices.com/xulonpress?gad_source=5&gad_campaignid=22854855280&gclid=EAIaIQobChMIu437lJ7GkAMVnqtaBR2a2SG9EAAYASAAEgJ08_D_BwE,"{""firstName"":""Jennifer"",""lastName"":""Hall"",""email"":""jenandethan@yahoo.com"",""phone"":""(662) 420-2338"",""zipCode"":""38637"",""writingStatus"":""idea-stage"",""publisher"":""Xulon Press"",""sourceUrl"":""https://www.authorservices.com/xulonpress?gad_source=5&gad_campaignid=22854855280&gclid=EAIaIQobChMIu437lJ7GkAMVnqtaBR2a2SG9EAAYASAAEgJ08_D_BwE"",""timestamp"":""2025-10-28T06:14:00.958Z""}"
2025-10-28 6:53:23,Yaquelin,Aguila,idea-stage,(786) 488-8052,yakeguille@gmail.com,Xulon Press,33101,15940 sw 102 Ave,15940 sw 102 Ave,Miami,FL,https://www.authorservices.com/xulonpress?gad_source=5&gad_campaignid=22854855280&gclid=EAIaIQobChMIyt7HtabGkAMVZButBh2emQcHEAAYASAAEgKaVvD_BwE,"{""firstName"":""Yaquelin"",""lastName"":""Aguila"",""email"":""yakeguille@gmail.com"",""phone"":""(786) 488-8052"",""zipCode"":""33101"",""street1"":""15940 sw 102 Ave"",""street2"":""15940 sw 102 Ave"",""city"":""Miami"",""state"":""FL"",""writingStatus"":""idea-stage"",""publisher"":""Xulon Press"",""sourceUrl"":""https://www.authorservices.com/xulonpress?gad_source=5&gad_campaignid=22854855280&gclid=EAIaIQobChMIyt7HtabGkAMVZButBh2emQcHEAAYASAAEgKaVvD_BwE"",""timestamp"":""2025-10-28T06:53:23.918Z""}"
2025-10-28 7:02:57,Vicente,Douglas,editing,(773) 770-3556,tmizen@rush.edu,Xulon Press,60619,,,,,https://www.authorservices.com/xulonpress?gad_source=5&gad_campaignid=22854855280&gclid=EAIaIQobChMIvIefwKnGkAMVkAVECB19kTlAEAAYASAAEgJmt_D_BwE,"{""firstName"":""Vicente"",""lastName"":""Douglas"",""email"":""tmizen@rush.edu"",""phone"":""(773) 770-3556"",""zipCode"":""60619"",""writingStatus"":""editing"",""publisher"":""Xulon Press"",""sourceUrl"":""https://www.authorservices.com/xulonpress?gad_source=5&gad_campaignid=22854855280&gclid=EAIaIQobChMIvIefwKnGkAMVkAVECB19kTlAEAAYASAAEgJmt_D_BwE"",""timestamp"":""2025-10-28T07:02:57.642Z""}"
2025-10-28 7:04:22,Stephen,Davis,first-draft,(504) 430-1844,senote318@hotmail.com,Xulon Press,71245,,,,,https://www.authorservices.com/xulonpress?gad_source=5&gad_campaignid=22854855280&gclid=EAIaIQobChMIoYivlanGkAMVISjUAR0SiiXVEAAYASAAEgK4XvD_BwE,"{""firstName"":""Stephen"",""lastName"":""Davis"",""email"":""senote318@hotmail.com"",""phone"":""(504) 430-1844"",""zipCode"":""71245"",""writingStatus"":""first-draft"",""publisher"":""Xulon Press"",""sourceUrl"":""https://www.authorservices.com/xulonpress?gad_source=5&gad_campaignid=22854855280&gclid=EAIaIQobChMIoYivlanGkAMVISjUAR0SiiXVEAAYASAAEgK4XvD_BwE"",""timestamp"":""2025-10-28T07:04:22.938Z""}"
2025-10-28 7:10:33,Michelle Mcguire,Michelle Mcguire,editing,(760) 246-0743,espinrc@aol.com,Xulon Press,90660,,,,,https://www.authorservices.com/xulonpress?gad_source=5&gad_campaignid=22854855280&gclid=EAIaIQobChMIuLPTkavGkAMVxHV_AB3uoCJ5EAAYASAAEgKNJfD_BwE,"{""firstName"":""Michelle Mcguire"",""lastName"":""Michelle Mcguire"",""email"":""espinrc@aol.com"",""phone"":""(760) 246-0743"",""zipCode"":""90660"",""writingStatus"":""editing"",""publisher"":""Xulon Press"",""sourceUrl"":""https://www.authorservices.com/xulonpress?gad_source=5&gad_campaignid=22854855280&gclid=EAIaIQobChMIuLPTkavGkAMVxHV_AB3uoCJ5EAAYASAAEgKNJfD_BwE"",""timestamp"":""2025-10-28T07:10:33.817Z""}"
2025-10-28 7:14:22,James,Burton,idea-stage,(408) 722-4408,jaxxburton@gmail.com,Xulon Press,94566,4330 VALLEY AVE,4330 VALLEY AVE,PLEASANTON,CA,https://www.authorservices.com/xulonpress?gad_source=5&gad_campaignid=22854855280&gclid=EAIaIQobChMIzp3BlarGkAMVOBHUAR1U_QqbEAAYASAAEgLEh_D_BwE,"{""firstName"":""James"",""lastName"":""Burton"",""email"":""jaxxburton@gmail.com"",""phone"":""(408) 722-4408"",""zipCode"":""94566"",""street1"":""4330 VALLEY AVE"",""street2"":""4330 VALLEY AVE"",""city"":""PLEASANTON"",""state"":""CA"",""writingStatus"":""idea-stage"",""publisher"":""Xulon Press"",""sourceUrl"":""https://www.authorservices.com/xulonpress?gad_source=5&gad_campaignid=22854855280&gclid=EAIaIQobChMIzp3BlarGkAMVOBHUAR1U_QqbEAAYASAAEgLEh_D_BwE"",""timestamp"":""2025-10-28T07:14:22.495Z""}"
2025-10-28 7:21:37,Tywana,Dantzler,idea-stage,(504) 994-0193,tywanadantzler@yahoo.com,Xulon Press,70127,8501 I 10 SERVICE RD,,NEW ORLEANS,LA,https://www.authorservices.com/xulonpress?gad_source=5&gad_campaignid=22854855280&gclid=EAIaIQobChMIid-rwa3GkAMVRXF_AB0Y4jx3EAAYASAAEgIRPfD_BwE,"{""firstName"":""Tywana"",""lastName"":""Dantzler"",""email"":""tywanadantzler@yahoo.com"",""phone"":""(504) 994-0193"",""zipCode"":""70127"",""street1"":""8501 I 10 SERVICE RD"",""street2"":"""",""city"":""NEW ORLEANS"",""state"":""LA"",""writingStatus"":""idea-stage"",""publisher"":""Xulon Press"",""sourceUrl"":""https://www.authorservices.com/xulonpress?gad_source=5&gad_campaignid=22854855280&gclid=EAIaIQobChMIid-rwa3GkAMVRXF_AB0Y4jx3EAAYASAAEgIRPfD_BwE"",""timestamp"":""2025-10-28T07:21:37.175Z""}"
2025-10-28 7:22:17,Theresa,Williams,idea-stage,(323) 762-6227,nrsypoo@yahoo.com,Xulon Press,90043,,,,,https://www.authorservices.com/xulonpress?gad_source=5&gad_campaignid=22854855280&gclid=EAIaIQobChMI3dWw163GkAMVmg9ECB3yygK-EAAYASAAEgL2o_D_BwE,"{""firstName"":""Theresa"",""lastName"":""Williams"",""email"":""nrsypoo@yahoo.com"",""phone"":""(323) 762-6227"",""zipCode"":""90043"",""writingStatus"":""idea-stage"",""publisher"":""Xulon Press"",""sourceUrl"":""https://www.authorservices.com/xulonpress?gad_source=5&gad_campaignid=22854855280&gclid=EAIaIQobChMI3dWw163GkAMVmg9ECB3yygK-EAAYASAAEgL2o_D_BwE"",""timestamp"":""2025-10-28T07:22:17.165Z""}"
2025-10-28 7:29:16,Karen,Reidenbach,idea-stage,(601) 466-3244,kqreidenbach@aol.com,Xulon Press,39406,,,,,https://www.authorservices.com/xulonpress?gad_source=5&gad_campaignid=22854855280&gclid=EAIaIQobChMIguea2q7GkAMVm9XCBB2ulwtuEAAYASAAEgLMc_D_BwE,"{""firstName"":""Karen"",""lastName"":""Reidenbach"",""email"":""kqreidenbach@aol.com"",""phone"":""(601) 466-3244"",""zipCode"":""39406"",""writingStatus"":""idea-stage"",""publisher"":""Xulon Press"",""sourceUrl"":""https://www.authorservices.com/xulonpress?gad_source=5&gad_campaignid=22854855280&gclid=EAIaIQobChMIguea2q7GkAMVm9XCBB2ulwtuEAAYASAAEgLMc_D_BwE"",""timestamp"":""2025-10-28T07:29:16.370Z""}"
2025-10-28 7:30:11,Robert,Elvira,idea-stage,(347) 556-8244,lanestar900rr@yahoo.com,Xulon Press,6390,,,,,https://www.authorservices.com/xulonpress?gad_source=5&gad_campaignid=22854855280&gclid=EAIaIQobChMI4vDY2K_GkAMVK0b_AR1_fSKqEAAYASAAEgJhwPD_BwE,"{""firstName"":""Robert"",""lastName"":""Elvira"",""email"":""lanestar900rr@yahoo.com"",""phone"":""(347) 556-8244"",""zipCode"":""06390"",""writingStatus"":""idea-stage"",""publisher"":""Xulon Press"",""sourceUrl"":""https://www.authorservices.com/xulonpress?gad_source=5&gad_campaignid=22854855280&gclid=EAIaIQobChMI4vDY2K_GkAMVK0b_AR1_fSKqEAAYASAAEgJhwPD_BwE"",""timestamp"":""2025-10-28T07:30:11.565Z""}"
2025-10-28 7:46:45,Dolly,Rivera,editing,(486) 557-4484,arts4design@yahoo.com,Xulon Press,92806,,,,,https://www.authorservices.com/xulonpress?gad_source=5&gad_campaignid=22854855280&gclid=EAIaIQobChMI-PS99LLGkAMV7Eb_AR1wmybhEAAYASAAEgJNBfD_BwE,"{""firstName"":""Dolly"",""lastName"":""Rivera"",""email"":""arts4design@yahoo.com"",""phone"":""(486) 557-4484"",""zipCode"":""92806"",""writingStatus"":""editing"",""publisher"":""Xulon Press"",""sourceUrl"":""https://www.authorservices.com/xulonpress?gad_source=5&gad_campaignid=22854855280&gclid=EAIaIQobChMI-PS99LLGkAMV7Eb_AR1wmybhEAAYASAAEgJNBfD_BwE"",""timestamp"":""2025-10-28T07:46:45.498Z""}"
2025-10-28 7:49:45,Jack,Carter,idea-stage,(334) 319-1155,tlcarter4307@gmail.com,Xulon Press,35004,,,,,https://www.authorservices.com/xulonpress?gad_source=5&gad_campaignid=22854855280&gclid=EAIaIQobChMIsoKk-LPGkAMVO0pHAR0FBi68EAAYASAAEgKHFvD_BwE,"{""firstName"":""Jack"",""lastName"":""Carter"",""email"":""tlcarter4307@gmail.com"",""phone"":""(334) 319-1155"",""zipCode"":""35004"",""writingStatus"":""idea-stage"",""publisher"":""Xulon Press"",""sourceUrl"":""https://www.authorservices.com/xulonpress?gad_source=5&gad_campaignid=22854855280&gclid=EAIaIQobChMIsoKk-LPGkAMVO0pHAR0FBi68EAAYASAAEgKHFvD_BwE"",""timestamp"":""2025-10-28T07:49:45.493Z""}"
2025-10-28 7:57:42,Dimitry,Laforest,idea-stage,(410) 513-7832,darkstalkerens@aol.com,Xulon Press,21286,,,,,https://www.authorservices.com/xulonpress?gad_source=5&gad_campaignid=22854855280&gclid=EAIaIQobChMIhJyVzLXGkAMV2x9ECB3uJCGyEAAYASAAEgLga_D_BwE,"{""firstName"":""Dimitry"",""lastName"":""Laforest"",""email"":""darkstalkerens@aol.com"",""phone"":""(410) 513-7832"",""zipCode"":""21286"",""writingStatus"":""idea-stage"",""publisher"":""Xulon Press"",""sourceUrl"":""https://www.authorservices.com/xulonpress?gad_source=5&gad_campaignid=22854855280&gclid=EAIaIQobChMIhJyVzLXGkAMV2x9ECB3uJCGyEAAYASAAEgLga_D_BwE"",""timestamp"":""2025-10-28T07:57:42.181Z""}"
2025-10-28 7:59:30,Juan,Almontes,idea-stage,(435) 714-0464,jlcalmontes@gmail.com,Xulon Press,81324,,,,,https://www.authorservices.com/xulonpress?gad_source=5&gad_campaignid=22854855280&gclid=EAIaIQobChMI6czYjrbGkAMVhWBHAR18UjEkEAAYASAAEgK3SvD_BwE,"{""firstName"":""Juan"",""lastName"":""Almontes"",""email"":""jlcalmontes@gmail.com"",""phone"":""(435) 714-0464"",""zipCode"":""81324"",""writingStatus"":""idea-stage"",""publisher"":""Xulon Press"",""sourceUrl"":""https://www.authorservices.com/xulonpress?gad_source=5&gad_campaignid=22854855280&gclid=EAIaIQobChMI6czYjrbGkAMVhWBHAR18UjEkEAAYASAAEgK3SvD_BwE"",""timestamp"":""2025-10-28T07:59:30.808Z""}"
2025-10-28 8:01:22,Brianna,Wells,idea-stage,(318) 574-5120,hicksbrianna37@yahoo.com,Xulon Press,71282,,,,,https://www.authorservices.com/xulonpress?gad_source=5&gad_campaignid=22854855280&gclid=EAIaIQobChMI8rHWpLXGkAMVrXBHAR1AVD2oEAAYASAAEgJ22vD_BwE,"{""firstName"":""Brianna"",""lastName"":""Wells"",""email"":""hicksbrianna37@yahoo.com"",""phone"":""(318) 574-5120"",""zipCode"":""71282"",""writingStatus"":""idea-stage"",""publisher"":""Xulon Press"",""sourceUrl"":""https://www.authorservices.com/xulonpress?gad_source=5&gad_campaignid=22854855280&gclid=EAIaIQobChMI8rHWpLXGkAMVrXBHAR1AVD2oEAAYASAAEgJ22vD_BwE"",""timestamp"":""2025-10-28T08:01:22.361Z""}"
2025-10-28 8:14:24,Lasonia,Crump,ready-to-publish,(804) 304-2932,lasoniac@yahoo.com,Xulon Press,23030,8461 Church Lane,8461 Church Lane,Charles City,VA,https://www.authorservices.com/xulonpress?gad_source=5&gad_campaignid=22854855280&gclid=EAIaIQobChMI7-nA2LjGkAMVDIJaBR2I4gSDEAAYASAAEgKRIPD_BwE,"{""firstName"":""Lasonia"",""lastName"":""Crump"",""email"":""lasoniac@yahoo.com"",""phone"":""(804) 304-2932"",""zipCode"":""23030"",""street1"":""8461 Church Lane"",""street2"":""8461 Church Lane"",""city"":""Charles City"",""state"":""VA"",""writingStatus"":""ready-to-publish"",""publisher"":""Xulon Press"",""sourceUrl"":""https://www.authorservices.com/xulonpress?gad_source=5&gad_campaignid=22854855280&gclid=EAIaIQobChMI7-nA2LjGkAMVDIJaBR2I4gSDEAAYASAAEgKRIPD_BwE"",""timestamp"":""2025-10-28T08:14:24.917Z""}"
2025-10-28 8:36:39,Ricardo,Garza,first-draft,(956) 723-9196,rick.garza@hotmail.com,Xulon Press,78046,,,,,https://www.authorservices.com/xulonpress?gad_source=5&gad_campaignid=22854855280&gclid=EAIaIQobChMIwpaE_r3GkAMVI0P_AR2q6QgvEAAYASAAEgIcyPD_BwE,"{""firstName"":""Ricardo"",""lastName"":""Garza"",""email"":""rick.garza@hotmail.com"",""phone"":""(956) 723-9196"",""zipCode"":""78046"",""writingStatus"":""first-draft"",""publisher"":""Xulon Press"",""sourceUrl"":""https://www.authorservices.com/xulonpress?gad_source=5&gad_campaignid=22854855280&gclid=EAIaIQobChMIwpaE_r3GkAMVI0P_AR2q6QgvEAAYASAAEgIcyPD_BwE"",""timestamp"":""2025-10-28T08:36:39.074Z""}"
2025-10-28 8:37:03,Ann,Crawford,outlining,(414) 495-7324,anncrawford@gmail.com,Xulon Press,53274,,,,,https://www.authorservices.com/xulonpress?gad_source=5&gad_campaignid=22854855280&gclid=EAIaIQobChMIp6um1L3GkAMVNyXvAh3u6TdREAAYASAAEgJmnfD_BwE,"{""firstName"":""Ann"",""lastName"":""Crawford"",""email"":""anncrawford@gmail.com"",""phone"":""(414) 495-7324"",""zipCode"":""53274"",""writingStatus"":""outlining"",""publisher"":""Xulon Press"",""sourceUrl"":""https://www.authorservices.com/xulonpress?gad_source=5&gad_campaignid=22854855280&gclid=EAIaIQobChMIp6um1L3GkAMVNyXvAh3u6TdREAAYASAAEgJmnfD_BwE"",""timestamp"":""2025-10-28T08:37:03.471Z""}"
2025-10-28 9:14:18,Chrystal,Beamon,first-draft,(510) 331-1974,chrystalbeamon@gmail.com,Xulon Press,94580,,,,,https://www.authorservices.com/xulonpress?gad_source=5&gad_campaignid=22854855280&gclid=EAIaIQobChMIs-yHsMbGkAMVUivUAR1v6ytgEAAYASAAEgJ1LfD_BwE,"{""firstName"":""Chrystal"",""lastName"":""Beamon"",""email"":""chrystalbeamon@gmail.com"",""phone"":""(510) 331-1974"",""zipCode"":""94580"",""writingStatus"":""first-draft"",""publisher"":""Xulon Press"",""sourceUrl"":""https://www.authorservices.com/xulonpress?gad_source=5&gad_campaignid=22854855280&gclid=EAIaIQobChMIs-yHsMbGkAMVUivUAR1v6ytgEAAYASAAEgJ1LfD_BwE"",""timestamp"":""2025-10-28T09:14:18.198Z""}"
2025-10-28 9:23:37,Vincent,Cefaratti,first-draft,(440) 344-6132,vcef19@gmail.com,Xulon Press,44030,,,,,https://www.authorservices.com/xulonpress?gad_source=5&gad_campaignid=22854855280&gclid=EAIaIQobChMIs6qktMjGkAMV1zjUAR23sQJpEAAYASAAEgKnb_D_BwE,"{""firstName"":""Vincent"",""lastName"":""Cefaratti"",""email"":""vcef19@gmail.com"",""phone"":""(440) 344-6132"",""zipCode"":""44030"",""writingStatus"":""first-draft"",""publisher"":""Xulon Press"",""sourceUrl"":""https://www.authorservices.com/xulonpress?gad_source=5&gad_campaignid=22854855280&gclid=EAIaIQobChMIs6qktMjGkAMV1zjUAR23sQJpEAAYASAAEgKnb_D_BwE"",""timestamp"":""2025-10-28T09:23:37.730Z""}"
2025-10-28 9:23:29,Connie,Harman,first-draft,(740) 803-1848,connieharman@yahoo.com,Xulon Press,43081,,,,,https://www.authorservices.com/xulonpress?gad_source=5&gad_campaignid=22854855280&gclid=EAIaIQobChMIgralysjGkAMVh1BHAR0-qgWyEAAYASAAEgJc6_D_BwE,"{""firstName"":""Connie"",""lastName"":""Harman"",""email"":""connieharman@yahoo.com"",""phone"":""(740) 803-1848"",""zipCode"":""43081"",""writingStatus"":""first-draft"",""publisher"":""Xulon Press"",""sourceUrl"":""https://www.authorservices.com/xulonpress?gad_source=5&gad_campaignid=22854855280&gclid=EAIaIQobChMIgralysjGkAMVh1BHAR0-qgWyEAAYASAAEgJc6_D_BwE"",""timestamp"":""2025-10-28T09:23:29.568Z""}"
2025-10-28 9:29:13,Sandra,Bates,idea-stage,(909) 370-2849,bates.sandra@sbcglobal.net,Xulon Press,92324,2851 S La Cadena Dr,2851 S La Cadena Dr,COLTON,CA,https://www.authorservices.com/xulonpress?gad_source=5&gad_campaignid=22854855280&gclid=EAIaIQobChMI8o2Y1snGkAMVlmNHAR2MpQKuEAAYASAAEgK66PD_BwE,"{""firstName"":""Sandra"",""lastName"":""Bates"",""email"":""bates.sandra@sbcglobal.net"",""phone"":""(909) 370-2849"",""zipCode"":""92324"",""street1"":""2851 S La Cadena Dr"",""street2"":""2851 S La Cadena Dr"",""city"":""COLTON"",""state"":""CA"",""writingStatus"":""idea-stage"",""publisher"":""Xulon Press"",""sourceUrl"":""https://www.authorservices.com/xulonpress?gad_source=5&gad_campaignid=22854855280&gclid=EAIaIQobChMI8o2Y1snGkAMVlmNHAR2MpQKuEAAYASAAEgK66PD_BwE"",""timestamp"":""2025-10-28T09:29:13.135Z""}"
2025-10-28 9:36:07,Jessica Ford,Jessica Ford,outlining,(479) 567-2586,jessalynic@yoo.com,Xulon Press,72801,407 east valley street unit 2,407 east valley street unit 2,russellville,ar,https://www.authorservices.com/xulonpress?gad_source=5&gad_campaignid=22854855280&gclid=EAIaIQobChMIw7rmxMrGkAMVA0r_AR1FuyYdEAAYASAAEgICfPD_BwE,"{""firstName"":""Jessica Ford"",""lastName"":""Jessica Ford"",""email"":""jessalynic@yoo.com"",""phone"":""(479) 567-2586"",""zipCode"":""72801"",""street1"":""407 east valley street unit 2"",""street2"":""407 east valley street unit 2"",""city"":""russellville"",""state"":""ar"",""writingStatus"":""outlining"",""publisher"":""Xulon Press"",""sourceUrl"":""https://www.authorservices.com/xulonpress?gad_source=5&gad_campaignid=22854855280&gclid=EAIaIQobChMIw7rmxMrGkAMVA0r_AR1FuyYdEAAYASAAEgICfPD_BwE"",""timestamp"":""2025-10-28T09:36:07.171Z""}"
2025-10-28 9:47:59,Kai,Qualls,ready-to-publish,(215) 251-4965,kaiqualls@gmail.com,Xulon Press,15001,,,,,https://www.authorservices.com/xulonpress?gad_source=5&gad_campaignid=22854855280&gclid=EAIaIQobChMIrqfpl87GkAMVNoVaBR2N2x_pEAAYASAAEgKwxvD_BwE,"{""firstName"":""Kai"",""lastName"":""Qualls"",""email"":""kaiqualls@gmail.com"",""phone"":""(215) 251-4965"",""zipCode"":""15001"",""writingStatus"":""ready-to-publish"",""publisher"":""Xulon Press"",""sourceUrl"":""https://www.authorservices.com/xulonpress?gad_source=5&gad_campaignid=22854855280&gclid=EAIaIQobChMIrqfpl87GkAMVNoVaBR2N2x_pEAAYASAAEgKwxvD_BwE"",""timestamp"":""2025-10-28T09:47:59.100Z""}"
2025-10-28 10:02:34,Doristine,Banks,first-draft,(662) 209-7607,dbanks3528@gmail.com,Xulon Press,38637,7197 mallard creek drive,,Hornlake,MS,https://www.authorservices.com/xulonpress?gad_source=5&gad_campaignid=22854855280&gclid=EAIaIQobChMI8K3YttHGkAMVQFB_AB3sOjIhEAAYASAAEgLiXvD_BwE,"{""firstName"":""Doristine"",""lastName"":""Banks"",""email"":""dbanks3528@gmail.com"",""phone"":""(662) 209-7607"",""zipCode"":""38637"",""street1"":""7197 mallard creek drive"",""street2"":"""",""city"":""Hornlake"",""state"":""MS"",""writingStatus"":""first-draft"",""publisher"":""Xulon Press"",""sourceUrl"":""https://www.authorservices.com/xulonpress?gad_source=5&gad_campaignid=22854855280&gclid=EAIaIQobChMI8K3YttHGkAMVQFB_AB3sOjIhEAAYASAAEgLiXvD_BwE"",""timestamp"":""2025-10-28T10:02:34.297Z""}"
2025-10-28 10:05:00,Clarice,Davis,ready-to-publish,(734) 788-6621,clairdavis48@gmail.com,Xulon Press,90001,,,,,https://www.authorservices.com/xulonpress?gad_source=5&gad_campaignid=22854855280&gclid=EAIaIQobChMI8LaS_NHGkAMVpDUIBR0IszOJEAAYASAAEgJTS_D_BwE,"{""firstName"":""Clarice"",""lastName"":""Davis"",""email"":""clairdavis48@gmail.com"",""phone"":""(734) 788-6621"",""zipCode"":""90001"",""writingStatus"":""ready-to-publish"",""publisher"":""Xulon Press"",""sourceUrl"":""https://www.authorservices.com/xulonpress?gad_source=5&gad_campaignid=22854855280&gclid=EAIaIQobChMI8LaS_NHGkAMVpDUIBR0IszOJEAAYASAAEgJTS_D_BwE"",""timestamp"":""2025-10-28T10:05:00.475Z""}"
2025-10-28 10:08:46,John,Zore,idea-stage,(727) 810-5465,johnzore187@yahoo.com,Xulon Press,34668,,,,,https://www.authorservices.com/xulonpress?gad_source=5&gad_campaignid=22854855280&gclid=EAIaIQobChMIl6eutdHGkAMVtyxECB3IhyZ4EAAYASAAEgJOQ_D_BwE,"{""firstName"":""John"",""lastName"":""Zore"",""email"":""johnzore187@yahoo.com"",""phone"":""(727) 810-5465"",""zipCode"":""34668"",""writingStatus"":""idea-stage"",""publisher"":""Xulon Press"",""sourceUrl"":""https://www.authorservices.com/xulonpress?gad_source=5&gad_campaignid=22854855280&gclid=EAIaIQobChMIl6eutdHGkAMVtyxECB3IhyZ4EAAYASAAEgJOQ_D_BwE"",""timestamp"":""2025-10-28T10:08:46.304Z""}"
2025-10-28 10:10:17,Pierre,Charles,idea-stage,(561) 932-4634,dodge4191@gmail.com,Xulon Press,32003,527 Valley Forge Rd,,WEST PALM BCH,US,https://www.authorservices.com/xulonpress?gad_source=5&gad_campaignid=22854855280&gclid=EAIaIQobChMImsKGrNHGkAMVK0b_AR1w1jvBEAAYASAAEgLr8_D_BwE,"{""firstName"":""Pierre"",""lastName"":""Charles"",""email"":""dodge4191@gmail.com"",""phone"":""(561) 932-4634"",""zipCode"":""32003"",""street1"":""527 Valley Forge Rd"",""street2"":"""",""city"":""WEST PALM BCH"",""state"":""US"",""writingStatus"":""idea-stage"",""publisher"":""Xulon Press"",""sourceUrl"":""https://www.authorservices.com/xulonpress?gad_source=5&gad_campaignid=22854855280&gclid=EAIaIQobChMImsKGrNHGkAMVK0b_AR1w1jvBEAAYASAAEgLr8_D_BwE"",""timestamp"":""2025-10-28T10:10:17.699Z""}"
2025-10-28 10:37:47,Gayla,Gatestaylor,idea-stage,(720) 971-9428,sgaylamasao@gmail.com,Xulon Press,80022,12903 E 108th Ave,,Commerce City,CO,https://www.authorservices.com/xulonpress?gad_source=5&gad_campaignid=22854855280&gclid=EAIaIQobChMIpNnA-tjGkAMVzl9HAR2b0zshEAAYASAAEgJRL_D_BwE,"{""firstName"":""Gayla"",""lastName"":""Gatestaylor"",""email"":""sgaylamasao@gmail.com"",""phone"":""(720) 971-9428"",""zipCode"":""80022"",""street1"":""12903 E 108th Ave"",""street2"":"""",""city"":""Commerce City"",""state"":""CO"",""writingStatus"":""idea-stage"",""publisher"":""Xulon Press"",""sourceUrl"":""https://www.authorservices.com/xulonpress?gad_source=5&gad_campaignid=22854855280&gclid=EAIaIQobChMIpNnA-tjGkAMVzl9HAR2b0zshEAAYASAAEgJRL_D_BwE"",""timestamp"":""2025-10-28T10:37:47.202Z""}"
2025-10-28 10:38:26,Decretia Dopson,Decretia Dopson,idea-stage,(608) 346-0331,xaviera0905@gmail.com,Xulon Press,53548,1421 GARTLAND AVE,,JANESVILLE,WI,https://www.authorservices.com/xulonpress?gad_source=5&gad_campaignid=22854855280&gclid=EAIaIQobChMIkfX69tjGkAMVsy7UAR3NbRJQEAAYASAAEgLOofD_BwE,"{""firstName"":""Decretia Dopson"",""lastName"":""Decretia Dopson"",""email"":""xaviera0905@gmail.com"",""phone"":""(608) 346-0331"",""zipCode"":""53548"",""street1"":""1421 GARTLAND AVE"",""street2"":"""",""city"":""JANESVILLE"",""state"":""WI"",""writingStatus"":""idea-stage"",""publisher"":""Xulon Press"",""sourceUrl"":""https://www.authorservices.com/xulonpress?gad_source=5&gad_campaignid=22854855280&gclid=EAIaIQobChMIkfX69tjGkAMVsy7UAR3NbRJQEAAYASAAEgLOofD_BwE"",""timestamp"":""2025-10-28T10:38:26.368Z""}"
2025-10-28 10:38:50,Gena Hall,Gena Hall,first-draft,(228) 224-5856,gena247citytax@yahoo.com,Xulon Press,39501,,,,,https://www.authorservices.com/xulonpress?gad_source=5&gad_campaignid=22854855280&gclid=EAIaIQobChMIgv6z-NjGkAMVgjgIBR0LHwi_EAAYASAAEgI-BfD_BwE,"{""firstName"":""Gena Hall"",""lastName"":""Gena Hall"",""email"":""gena247citytax@yahoo.com"",""phone"":""(228) 224-5856"",""zipCode"":""39501"",""writingStatus"":""first-draft"",""publisher"":""Xulon Press"",""sourceUrl"":""https://www.authorservices.com/xulonpress?gad_source=5&gad_campaignid=22854855280&gclid=EAIaIQobChMIgv6z-NjGkAMVgjgIBR0LHwi_EAAYASAAEgI-BfD_BwE"",""timestamp"":""2025-10-28T10:38:50.791Z""}"
2025-10-28 12:16:04,Amanda,Wicker,idea-stage,(573) 838-8186,wickeramanda@ymail.com,Xulon Press,51640,3144 State Highway AA,3144 State Highway AA,Sikeston,Missouri,https://www.authorservices.com/xulonpress?gad_source=5&gad_campaignid=22854855280&gclid=EAIaIQobChMIo6eaie_GkAMVXDMIBR3b2ykAEAAYASAAEgIjUPD_BwE,"{""firstName"":""Amanda"",""lastName"":""Wicker"",""email"":""wickeramanda@ymail.com"",""phone"":""(573) 838-8186"",""zipCode"":""51640"",""street1"":""3144 State Highway AA"",""street2"":""3144 State Highway AA"",""city"":""Sikeston"",""state"":""Missouri"",""writingStatus"":""idea-stage"",""publisher"":""Xulon Press"",""sourceUrl"":""https://www.authorservices.com/xulonpress?gad_source=5&gad_campaignid=22854855280&gclid=EAIaIQobChMIo6eaie_GkAMVXDMIBR3b2ykAEAAYASAAEgIjUPD_BwE"",""timestamp"":""2025-10-28T12:16:04.982Z""}"